Hallmark_MTORC1,p.value
0_Pos vs 0_Neg,1.41233936003325e-144
1_Pos vs 1_Neg,0.134475980736491
2_Pos vs 2_Neg,6.81651098410207e-97
3_Pos vs 3_Neg,1.2655907934249e-41
