NFE2L2.V2_genes,p.value
0_Pos vs 0_Neg,6.02366880925256e-15
1_Pos vs 1_Neg,2.08380934195126e-22
2_Pos vs 2_Neg,1.43712599855477e-88
3_Pos vs 3_Neg,0.0525186697002691
